Task Name,Directions,Link
NoPlaceToBe Hotels Syndication,"This task is for the Hipmunk Hotels Blog Syndication. Please go to the link below and copy and paste the content into the article box. At the beginning of the article, please post a byline stating something like ""The post below was originally published on 'original blog name' on 'Date' by 'Author'."" You must also link the blog name to the original blog post link. After the post is editor approved, then you can publish the post on your site. Please then submit your published links through this form: https://docs.google.com/a/steelcast.com/forms/d/1yy3ZCO3PxUTv_ZeiNVEw0AGdAX7w4lgyps9F8rtD2Eg/viewform Please let me know if you have any questions. Thank you!",http://www.noplacetobe.com/featured/hipmunk-hotels-best-west-us/
NoPlaceToBe Hotels Syndication,"This task is for the Hipmunk Hotels Blog Syndication. Please go to the link below and copy and paste the content into the article box. At the beginning of the article, please post a byline stating something like ""The post below was originally published on 'original blog name' on 'Date' by 'Author'."" You must also link the blog name to the original blog post link. After the post is editor approved, then you can publish the post on your site. Please then submit your published links through this form: https://docs.google.com/a/steelcast.com/forms/d/1yy3ZCO3PxUTv_ZeiNVEw0AGdAX7w4lgyps9F8rtD2Eg/viewform Please let me know if you have any questions. Thank you!",http://www.noplacetobe.com/featured/hipmunk-hotels-best-west-us/
TheRestlessWorker Hotels Syndication,"This task is for the Hipmunk Hotels Blog Syndication. Please go to the link below and copy and paste the content into the article box. At the beginning of the article, please post a byline stating something like ""The post below was originally published on 'original blog name' on 'Date' by 'Author'."" You must also link the blog name to the original blog post link. After the post is editor approved, then you can publish the post on your site. Please then submit your published links through this form: https://docs.google.com/a/steelcast.com/forms/d/1yy3ZCO3PxUTv_ZeiNVEw0AGdAX7w4lgyps9F8rtD2Eg/viewform Please let me know if you have any questions. Thank you!",http://www.therestlessworker.com/hipmunk-hotels-alternative-california-roadtrip-fairfield-chula-vista/
ThisLifeinTrips Hotels Syndication,"This task is for the Hipmunk Hotels Blog Syndication. Please go to the link below and copy and paste the content into the article box. At the beginning of the article, please post a byline stating something like ""The post below was originally published on 'original blog name' on 'Date' by 'Author'."" You must also link the blog name to the original blog post link. After the post is editor approved, then you can publish the post on your site. Please then submit your published links through this form: https://docs.google.com/a/steelcast.com/forms/d/1yy3ZCO3PxUTv_ZeiNVEw0AGdAX7w4lgyps9F8rtD2Eg/viewform Please let me know if you have any questions. Thank you!",http://www.thislifeintrips.com/affordable-options-in-the-less-traveled-south/
TheNextBigAdventure Hotels Syndication,"This task is for the Hipmunk Hotels Blog Syndication. Please go to the link below and copy and paste the content into the article box. At the beginning of the article, please post a byline stating something like ""The post below was originally published on 'original blog name' on 'Date' by 'Author'."" You must also link the blog name to the original blog post link. After the post is editor approved, then you can publish the post on your site. Please then submit your published links through this form: https://docs.google.com/a/steelcast.com/forms/d/1yy3ZCO3PxUTv_ZeiNVEw0AGdAX7w4lgyps9F8rtD2Eg/viewform Please let me know if you have any questions. Thank you!",http://thenextbigadventure.net/2016/03/29/hipmunk-hotels-northeast-exploring-lancaster-roanoke-bar-harbor-beyond/
DishourTown Hotels Syndication,"This task is for the Hipmunk Hotels Blog Syndication. Please go to the link below and copy and paste the content into the article box. At the beginning of the article, please post a byline stating something like ""The post below was originally published on 'original blog name' on 'Date' by 'Author'."" You must also link the blog name to the original blog post link. After the post is editor approved, then you can publish the post on your site. Please then submit your published links through this form: https://docs.google.com/a/steelcast.com/forms/d/1yy3ZCO3PxUTv_ZeiNVEw0AGdAX7w4lgyps9F8rtD2Eg/viewform Please let me know if you have any questions. Thank you!",http://www.dishourtown.com/hipmunk-hotels-best-traditional-hotels-albany-ithaca-syracuse/
NonStopDestination Hotels Syndication,"This task is for the Hipmunk Hotels Blog Syndication. Please go to the link below and copy and paste the content into the article box. At the beginning of the article, please post a byline stating something like ""The post below was originally published on 'original blog name' on 'Date' by 'Author'."" You must also link the blog name to the original blog post link. After the post is editor approved, then you can publish the post on your site. Please then submit your published links through this form: https://docs.google.com/a/steelcast.com/forms/d/1yy3ZCO3PxUTv_ZeiNVEw0AGdAX7w4lgyps9F8rtD2Eg/viewform Please let me know if you have any questions. Thank you!",http://www.nonstopdestination.com/hipmunk-hotels-cozy-unique-places-west-flagstaff-beverly-hills/
WaysofWanderers Hotels Syndication,"This task is for the Hipmunk Hotels Blog Syndication. Please go to the link below and copy and paste the content into the article box. At the beginning of the article, please post a byline stating something like ""The post below was originally published on 'original blog name' on 'Date' by 'Author'."" You must also link the blog name to the original blog post link. After the post is editor approved, then you can publish the post on your site. Please then submit your published links through this form: https://docs.google.com/a/steelcast.com/forms/d/1yy3ZCO3PxUTv_ZeiNVEw0AGdAX7w4lgyps9F8rtD2Eg/viewform Please let me know if you have any questions. Thank you!",http://waysofwanderers.com/great-bed-breakfasts-missoula-rapid-city/
MadeAllTheDifference Hotels Syndication,"This task is for the Hipmunk Hotels Blog Syndication. Please go to the link below and copy and paste the content into the article box. At the beginning of the article, please post a byline stating something like ""The post below was originally published on 'original blog name' on 'Date' by 'Author'."" You must also link the blog name to the original blog post link. After the post is editor approved, then you can publish the post on your site. Please then submit your published links through this form: https://docs.google.com/a/steelcast.com/forms/d/1yy3ZCO3PxUTv_ZeiNVEw0AGdAX7w4lgyps9F8rtD2Eg/viewform Please let me know if you have any questions. Thank you!",http://made-all-the-difference.com/2016/03/hipmunk-hotels-beach-adventure/
Go4TravelBlog Hotels Syndication,"This task is for the Hipmunk Hotels Blog Syndication. Please go to the link below and copy and paste the content into the article box. At the beginning of the article, please post a byline stating something like ""The post below was originally published on 'original blog name' on 'Date' by 'Author'."" You must also link the blog name to the original blog post link. After the post is editor approved, then you can publish the post on your site. Please then submit your published links through this form: https://docs.google.com/a/steelcast.com/forms/d/1yy3ZCO3PxUTv_ZeiNVEw0AGdAX7w4lgyps9F8rtD2Eg/viewform Please let me know if you have any questions. Thank you!",http://www.go4travelblog.com/hipmunk-hotels-best-california-destinations-along-pacific-ocean/
TheRestlessWorker Hotels Syndication,"This task is for the Hipmunk Hotels Blog Syndication. Please go to the link below and copy and paste the content into the article box. At the beginning of the article, please post a byline stating something like ""The post below was originally published on 'original blog name' on 'Date' by 'Author'."" You must also link the blog name to the original blog post link. After the post is editor approved, then you can publish the post on your site. Please then submit your published links through this form: https://docs.google.com/a/steelcast.com/forms/d/1yy3ZCO3PxUTv_ZeiNVEw0AGdAX7w4lgyps9F8rtD2Eg/viewform Please let me know if you have any questions. Thank you!",http://www.therestlessworker.com/hipmunk-hotels-alternative-california-roadtrip-fairfield-chula-vista/
ThisLifeinTrips Hotels Syndication,"This task is for the Hipmunk Hotels Blog Syndication. Please go to the link below and copy and paste the content into the article box. At the beginning of the article, please post a byline stating something like ""The post below was originally published on 'original blog name' on 'Date' by 'Author'."" You must also link the blog name to the original blog post link. After the post is editor approved, then you can publish the post on your site. Please then submit your published links through this form: https://docs.google.com/a/steelcast.com/forms/d/1yy3ZCO3PxUTv_ZeiNVEw0AGdAX7w4lgyps9F8rtD2Eg/viewform Please let me know if you have any questions. Thank you!",http://www.thislifeintrips.com/affordable-options-in-the-less-traveled-south/
TheNextBigAdventure Hotels Syndication,"This task is for the Hipmunk Hotels Blog Syndication. Please go to the link below and copy and paste the content into the article box. At the beginning of the article, please post a byline stating something like ""The post below was originally published on 'original blog name' on 'Date' by 'Author'."" You must also link the blog name to the original blog post link. After the post is editor approved, then you can publish the post on your site. Please then submit your published links through this form: https://docs.google.com/a/steelcast.com/forms/d/1yy3ZCO3PxUTv_ZeiNVEw0AGdAX7w4lgyps9F8rtD2Eg/viewform Please let me know if you have any questions. Thank you!",http://thenextbigadventure.net/2016/03/29/hipmunk-hotels-northeast-exploring-lancaster-roanoke-bar-harbor-beyond/
DishourTown Hotels Syndication,"This task is for the Hipmunk Hotels Blog Syndication. Please go to the link below and copy and paste the content into the article box. At the beginning of the article, please post a byline stating something like ""The post below was originally published on 'original blog name' on 'Date' by 'Author'."" You must also link the blog name to the original blog post link. After the post is editor approved, then you can publish the post on your site. Please then submit your published links through this form: https://docs.google.com/a/steelcast.com/forms/d/1yy3ZCO3PxUTv_ZeiNVEw0AGdAX7w4lgyps9F8rtD2Eg/viewform Please let me know if you have any questions. Thank you!",http://www.dishourtown.com/hipmunk-hotels-best-traditional-hotels-albany-ithaca-syracuse/
NonStopDestination Hotels Syndication,"This task is for the Hipmunk Hotels Blog Syndication. Please go to the link below and copy and paste the content into the article box. At the beginning of the article, please post a byline stating something like ""The post below was originally published on 'original blog name' on 'Date' by 'Author'."" You must also link the blog name to the original blog post link. After the post is editor approved, then you can publish the post on your site. Please then submit your published links through this form: https://docs.google.com/a/steelcast.com/forms/d/1yy3ZCO3PxUTv_ZeiNVEw0AGdAX7w4lgyps9F8rtD2Eg/viewform Please let me know if you have any questions. Thank you!",http://www.nonstopdestination.com/hipmunk-hotels-cozy-unique-places-west-flagstaff-beverly-hills/
WaysofWanderers Hotels Syndication,"This task is for the Hipmunk Hotels Blog Syndication. Please go to the link below and copy and paste the content into the article box. At the beginning of the article, please post a byline stating something like ""The post below was originally published on 'original blog name' on 'Date' by 'Author'."" You must also link the blog name to the original blog post link. After the post is editor approved, then you can publish the post on your site. Please then submit your published links through this form: https://docs.google.com/a/steelcast.com/forms/d/1yy3ZCO3PxUTv_ZeiNVEw0AGdAX7w4lgyps9F8rtD2Eg/viewform Please let me know if you have any questions. Thank you!",http://waysofwanderers.com/great-bed-breakfasts-missoula-rapid-city/
MadeAllTheDifference Hotels Syndication,"This task is for the Hipmunk Hotels Blog Syndication. Please go to the link below and copy and paste the content into the article box. At the beginning of the article, please post a byline stating something like ""The post below was originally published on 'original blog name' on 'Date' by 'Author'."" You must also link the blog name to the original blog post link. After the post is editor approved, then you can publish the post on your site. Please then submit your published links through this form: https://docs.google.com/a/steelcast.com/forms/d/1yy3ZCO3PxUTv_ZeiNVEw0AGdAX7w4lgyps9F8rtD2Eg/viewform Please let me know if you have any questions. Thank you!",http://made-all-the-difference.com/2016/03/hipmunk-hotels-beach-adventure/
Go4TravelBlog Hotels Syndication,"This task is for the Hipmunk Hotels Blog Syndication. Please go to the link below and copy and paste the content into the article box. At the beginning of the article, please post a byline stating something like ""The post below was originally published on 'original blog name' on 'Date' by 'Author'."" You must also link the blog name to the original blog post link. After the post is editor approved, then you can publish the post on your site. Please then submit your published links through this form: https://docs.google.com/a/steelcast.com/forms/d/1yy3ZCO3PxUTv_ZeiNVEw0AGdAX7w4lgyps9F8rtD2Eg/viewform Please let me know if you have any questions. Thank you!",http://www.go4travelblog.com/hipmunk-hotels-best-california-destinations-along-pacific-ocean/
TheRestlessWorker Hotels Syndication,"This task is for the Hipmunk Hotels Blog Syndication. Please go to the link below and copy and paste the content into the article box. At the beginning of the article, please post a byline stating something like ""The post below was originally published on 'original blog name' on 'Date' by 'Author'."" You must also link the blog name to the original blog post link. After the post is editor approved, then you can publish the post on your site. Please then submit your published links through this form: https://docs.google.com/a/steelcast.com/forms/d/1yy3ZCO3PxUTv_ZeiNVEw0AGdAX7w4lgyps9F8rtD2Eg/viewform Please let me know if you have any questions. Thank you!",http://www.therestlessworker.com/hipmunk-hotels-alternative-california-roadtrip-fairfield-chula-vista/
ThisLifeinTrips Hotels Syndication,"This task is for the Hipmunk Hotels Blog Syndication. Please go to the link below and copy and paste the content into the article box. At the beginning of the article, please post a byline stating something like ""The post below was originally published on 'original blog name' on 'Date' by 'Author'."" You must also link the blog name to the original blog post link. After the post is editor approved, then you can publish the post on your site. Please then submit your published links through this form: https://docs.google.com/a/steelcast.com/forms/d/1yy3ZCO3PxUTv_ZeiNVEw0AGdAX7w4lgyps9F8rtD2Eg/viewform Please let me know if you have any questions. Thank you!",http://www.thislifeintrips.com/affordable-options-in-the-less-traveled-south/
TheNextBigAdventure Hotels Syndication,"This task is for the Hipmunk Hotels Blog Syndication. Please go to the link below and copy and paste the content into the article box. At the beginning of the article, please post a byline stating something like ""The post below was originally published on 'original blog name' on 'Date' by 'Author'."" You must also link the blog name to the original blog post link. After the post is editor approved, then you can publish the post on your site. Please then submit your published links through this form: https://docs.google.com/a/steelcast.com/forms/d/1yy3ZCO3PxUTv_ZeiNVEw0AGdAX7w4lgyps9F8rtD2Eg/viewform Please let me know if you have any questions. Thank you!",http://thenextbigadventure.net/2016/03/29/hipmunk-hotels-northeast-exploring-lancaster-roanoke-bar-harbor-beyond/
NonStopDestination Hotels Syndication,"This task is for the Hipmunk Hotels Blog Syndication. Please go to the link below and copy and paste the content into the article box. At the beginning of the article, please post a byline stating something like ""The post below was originally published on 'original blog name' on 'Date' by 'Author'."" You must also link the blog name to the original blog post link. After the post is editor approved, then you can publish the post on your site. Please then submit your published links through this form: https://docs.google.com/a/steelcast.com/forms/d/1yy3ZCO3PxUTv_ZeiNVEw0AGdAX7w4lgyps9F8rtD2Eg/viewform Please let me know if you have any questions. Thank you!",http://www.nonstopdestination.com/hipmunk-hotels-cozy-unique-places-west-flagstaff-beverly-hills/
WaysofWanderers Hotels Syndication,"This task is for the Hipmunk Hotels Blog Syndication. Please go to the link below and copy and paste the content into the article box. At the beginning of the article, please post a byline stating something like ""The post below was originally published on 'original blog name' on 'Date' by 'Author'."" You must also link the blog name to the original blog post link. After the post is editor approved, then you can publish the post on your site. Please then submit your published links through this form: https://docs.google.com/a/steelcast.com/forms/d/1yy3ZCO3PxUTv_ZeiNVEw0AGdAX7w4lgyps9F8rtD2Eg/viewform Please let me know if you have any questions. Thank you!",http://waysofwanderers.com/great-bed-breakfasts-missoula-rapid-city/
MadeAllTheDifference Hotels Syndication,"This task is for the Hipmunk Hotels Blog Syndication. Please go to the link below and copy and paste the content into the article box. At the beginning of the article, please post a byline stating something like ""The post below was originally published on 'original blog name' on 'Date' by 'Author'."" You must also link the blog name to the original blog post link. After the post is editor approved, then you can publish the post on your site. Please then submit your published links through this form: https://docs.google.com/a/steelcast.com/forms/d/1yy3ZCO3PxUTv_ZeiNVEw0AGdAX7w4lgyps9F8rtD2Eg/viewform Please let me know if you have any questions. Thank you!",http://made-all-the-difference.com/2016/03/hipmunk-hotels-beach-adventure/
Go4TravelBlog Hotels Syndication,"This task is for the Hipmunk Hotels Blog Syndication. Please go to the link below and copy and paste the content into the article box. At the beginning of the article, please post a byline stating something like ""The post below was originally published on 'original blog name' on 'Date' by 'Author'."" You must also link the blog name to the original blog post link. After the post is editor approved, then you can publish the post on your site. Please then submit your published links through this form: https://docs.google.com/a/steelcast.com/forms/d/1yy3ZCO3PxUTv_ZeiNVEw0AGdAX7w4lgyps9F8rtD2Eg/viewform Please let me know if you have any questions. Thank you!",http://www.go4travelblog.com/hipmunk-hotels-best-california-destinations-along-pacific-ocean/
TheRestlessWorker Hotels Syndication,"This task is for the Hipmunk Hotels Blog Syndication. Please go to the link below and copy and paste the content into the article box. At the beginning of the article, please post a byline stating something like ""The post below was originally published on 'original blog name' on 'Date' by 'Author'."" You must also link the blog name to the original blog post link. After the post is editor approved, then you can publish the post on your site. Please then submit your published links through this form: https://docs.google.com/a/steelcast.com/forms/d/1yy3ZCO3PxUTv_ZeiNVEw0AGdAX7w4lgyps9F8rtD2Eg/viewform Please let me know if you have any questions. Thank you!",http://www.therestlessworker.com/hipmunk-hotels-alternative-california-roadtrip-fairfield-chula-vista/
ThisLifeinTrips Hotels Syndication,"This task is for the Hipmunk Hotels Blog Syndication. Please go to the link below and copy and paste the content into the article box. At the beginning of the article, please post a byline stating something like ""The post below was originally published on 'original blog name' on 'Date' by 'Author'."" You must also link the blog name to the original blog post link. After the post is editor approved, then you can publish the post on your site. Please then submit your published links through this form: https://docs.google.com/a/steelcast.com/forms/d/1yy3ZCO3PxUTv_ZeiNVEw0AGdAX7w4lgyps9F8rtD2Eg/viewform Please let me know if you have any questions. Thank you!",http://www.thislifeintrips.com/affordable-options-in-the-less-traveled-south/
TheNextBigAdventure Hotels Syndication,"This task is for the Hipmunk Hotels Blog Syndication. Please go to the link below and copy and paste the content into the article box. At the beginning of the article, please post a byline stating something like ""The post below was originally published on 'original blog name' on 'Date' by 'Author'."" You must also link the blog name to the original blog post link. After the post is editor approved, then you can publish the post on your site. Please then submit your published links through this form: https://docs.google.com/a/steelcast.com/forms/d/1yy3ZCO3PxUTv_ZeiNVEw0AGdAX7w4lgyps9F8rtD2Eg/viewform Please let me know if you have any questions. Thank you!",http://thenextbigadventure.net/2016/03/29/hipmunk-hotels-northeast-exploring-lancaster-roanoke-bar-harbor-beyond/
NonStopDestination Hotels Syndication,"This task is for the Hipmunk Hotels Blog Syndication. Please go to the link below and copy and paste the content into the article box. At the beginning of the article, please post a byline stating something like ""The post below was originally published on 'original blog name' on 'Date' by 'Author'."" You must also link the blog name to the original blog post link. After the post is editor approved, then you can publish the post on your site. Please then submit your published links through this form: https://docs.google.com/a/steelcast.com/forms/d/1yy3ZCO3PxUTv_ZeiNVEw0AGdAX7w4lgyps9F8rtD2Eg/viewform Please let me know if you have any questions. Thank you!",http://www.nonstopdestination.com/hipmunk-hotels-cozy-unique-places-west-flagstaff-beverly-hills/
WaysofWanderers Hotels Syndication,"This task is for the Hipmunk Hotels Blog Syndication. Please go to the link below and copy and paste the content into the article box. At the beginning of the article, please post a byline stating something like ""The post below was originally published on 'original blog name' on 'Date' by 'Author'."" You must also link the blog name to the original blog post link. After the post is editor approved, then you can publish the post on your site. Please then submit your published links through this form: https://docs.google.com/a/steelcast.com/forms/d/1yy3ZCO3PxUTv_ZeiNVEw0AGdAX7w4lgyps9F8rtD2Eg/viewform Please let me know if you have any questions. Thank you!",http://waysofwanderers.com/great-bed-breakfasts-missoula-rapid-city/
MadeAllTheDifference Hotels Syndication,"This task is for the Hipmunk Hotels Blog Syndication. Please go to the link below and copy and paste the content into the article box. At the beginning of the article, please post a byline stating something like ""The post below was originally published on 'original blog name' on 'Date' by 'Author'."" You must also link the blog name to the original blog post link. After the post is editor approved, then you can publish the post on your site. Please then submit your published links through this form: https://docs.google.com/a/steelcast.com/forms/d/1yy3ZCO3PxUTv_ZeiNVEw0AGdAX7w4lgyps9F8rtD2Eg/viewform Please let me know if you have any questions. Thank you!",http://made-all-the-difference.com/2016/03/hipmunk-hotels-beach-adventure/
Go4TravelBlog Hotels Syndication,"This task is for the Hipmunk Hotels Blog Syndication. Please go to the link below and copy and paste the content into the article box. At the beginning of the article, please post a byline stating something like ""The post below was originally published on 'original blog name' on 'Date' by 'Author'."" You must also link the blog name to the original blog post link. After the post is editor approved, then you can publish the post on your site. Please then submit your published links through this form: https://docs.google.com/a/steelcast.com/forms/d/1yy3ZCO3PxUTv_ZeiNVEw0AGdAX7w4lgyps9F8rtD2Eg/viewform Please let me know if you have any questions. Thank you!",http://www.go4travelblog.com/hipmunk-hotels-best-california-destinations-along-pacific-ocean/
TheRestlessWorker Hotels Syndication,"This task is for the Hipmunk Hotels Blog Syndication. Please go to the link below and copy and paste the content into the article box. At the beginning of the article, please post a byline stating something like ""The post below was originally published on 'original blog name' on 'Date' by 'Author'."" You must also link the blog name to the original blog post link. After the post is editor approved, then you can publish the post on your site. Please then submit your published links through this form: https://docs.google.com/a/steelcast.com/forms/d/1yy3ZCO3PxUTv_ZeiNVEw0AGdAX7w4lgyps9F8rtD2Eg/viewform Please let me know if you have any questions. Thank you!",http://www.therestlessworker.com/hipmunk-hotels-alternative-california-roadtrip-fairfield-chula-vista/
ThisLifeinTrips Hotels Syndication,"This task is for the Hipmunk Hotels Blog Syndication. Please go to the link below and copy and paste the content into the article box. At the beginning of the article, please post a byline stating something like ""The post below was originally published on 'original blog name' on 'Date' by 'Author'."" You must also link the blog name to the original blog post link. After the post is editor approved, then you can publish the post on your site. Please then submit your published links through this form: https://docs.google.com/a/steelcast.com/forms/d/1yy3ZCO3PxUTv_ZeiNVEw0AGdAX7w4lgyps9F8rtD2Eg/viewform Please let me know if you have any questions. Thank you!",http://www.thislifeintrips.com/affordable-options-in-the-less-traveled-south/
TheNextBigAdventure Hotels Syndication,"This task is for the Hipmunk Hotels Blog Syndication. Please go to the link below and copy and paste the content into the article box. At the beginning of the article, please post a byline stating something like ""The post below was originally published on 'original blog name' on 'Date' by 'Author'."" You must also link the blog name to the original blog post link. After the post is editor approved, then you can publish the post on your site. Please then submit your published links through this form: https://docs.google.com/a/steelcast.com/forms/d/1yy3ZCO3PxUTv_ZeiNVEw0AGdAX7w4lgyps9F8rtD2Eg/viewform Please let me know if you have any questions. Thank you!",http://thenextbigadventure.net/2016/03/29/hipmunk-hotels-northeast-exploring-lancaster-roanoke-bar-harbor-beyond/
NonStopDestination Hotels Syndication,"This task is for the Hipmunk Hotels Blog Syndication. Please go to the link below and copy and paste the content into the article box. At the beginning of the article, please post a byline stating something like ""The post below was originally published on 'original blog name' on 'Date' by 'Author'."" You must also link the blog name to the original blog post link. After the post is editor approved, then you can publish the post on your site. Please then submit your published links through this form: https://docs.google.com/a/steelcast.com/forms/d/1yy3ZCO3PxUTv_ZeiNVEw0AGdAX7w4lgyps9F8rtD2Eg/viewform Please let me know if you have any questions. Thank you!",http://www.nonstopdestination.com/hipmunk-hotels-cozy-unique-places-west-flagstaff-beverly-hills/
WaysofWanderers Hotels Syndication,"This task is for the Hipmunk Hotels Blog Syndication. Please go to the link below and copy and paste the content into the article box. At the beginning of the article, please post a byline stating something like ""The post below was originally published on 'original blog name' on 'Date' by 'Author'."" You must also link the blog name to the original blog post link. After the post is editor approved, then you can publish the post on your site. Please then submit your published links through this form: https://docs.google.com/a/steelcast.com/forms/d/1yy3ZCO3PxUTv_ZeiNVEw0AGdAX7w4lgyps9F8rtD2Eg/viewform Please let me know if you have any questions. Thank you!",http://waysofwanderers.com/great-bed-breakfasts-missoula-rapid-city/
MadeAllTheDifference Hotels Syndication,"This task is for the Hipmunk Hotels Blog Syndication. Please go to the link below and copy and paste the content into the article box. At the beginning of the article, please post a byline stating something like ""The post below was originally published on 'original blog name' on 'Date' by 'Author'."" You must also link the blog name to the original blog post link. After the post is editor approved, then you can publish the post on your site. Please then submit your published links through this form: https://docs.google.com/a/steelcast.com/forms/d/1yy3ZCO3PxUTv_ZeiNVEw0AGdAX7w4lgyps9F8rtD2Eg/viewform Please let me know if you have any questions. Thank you!",http://made-all-the-difference.com/2016/03/hipmunk-hotels-beach-adventure/
Go4TravelBlog Hotels Syndication,"This task is for the Hipmunk Hotels Blog Syndication. Please go to the link below and copy and paste the content into the article box. At the beginning of the article, please post a byline stating something like ""The post below was originally published on 'original blog name' on 'Date' by 'Author'."" You must also link the blog name to the original blog post link. After the post is editor approved, then you can publish the post on your site. Please then submit your published links through this form: https://docs.google.com/a/steelcast.com/forms/d/1yy3ZCO3PxUTv_ZeiNVEw0AGdAX7w4lgyps9F8rtD2Eg/viewform Please let me know if you have any questions. Thank you!",http://www.go4travelblog.com/hipmunk-hotels-best-california-destinations-along-pacific-ocean/
CamilleinWonderlands Hotels Syndication,"This task is for the Hipmunk Hotels Blog Syndication. Please go to the link below and copy and paste the content into the article box. At the beginning of the article, please post a byline stating something like ""The post below was originally published on 'original blog name' on 'Date' by 'Author'."" You must also link the blog name to the original blog post link. After the post is editor approved, then you can publish the post on your site. Please then submit your published links through this form: https://docs.google.com/a/steelcast.com/forms/d/1yy3ZCO3PxUTv_ZeiNVEw0AGdAX7w4lgyps9F8rtD2Eg/viewform Please let me know if you have any questions. Thank you!",http://www.camilleinwonderlands.com/affordable-hipmunk-hotels-portsmouth-niagara-falls-albany-stamford-newark/
CamilleinWonderlands Hotels Syndication,"This task is for the Hipmunk Hotels Blog Syndication. Please go to the link below and copy and paste the content into the article box. At the beginning of the article, please post a byline stating something like ""The post below was originally published on 'original blog name' on 'Date' by 'Author'."" You must also link the blog name to the original blog post link. After the post is editor approved, then you can publish the post on your site. Please then submit your published links through this form: https://docs.google.com/a/steelcast.com/forms/d/1yy3ZCO3PxUTv_ZeiNVEw0AGdAX7w4lgyps9F8rtD2Eg/viewform Please let me know if you have any questions. Thank you!",http://www.camilleinwonderlands.com/affordable-hipmunk-hotels-portsmouth-niagara-falls-albany-stamford-newark/