No.,Article Number,Article Title,Keyword,Client,Campaign Name,Editor,Copywriter,Article Type,Number of Words,Keyword Match in Content,Submit Date,Cost
1,V-14-7700-226345,Scientifically Speaking: 5 Reasons Break-ups Hurt so Badly,Scientifically Speaking: # Reasons Break-ups Hurt so Badly,VSE,Hollywood Psychics,ARadesEditor      3,lyndsierobinson[1]      3      3,SHAREBAIT,500,0,2014-07-24 14:38:46,30
2,V-14-7700-226341,How to Talk to Your Partner About Bringing Someone Else Into the Bedroom,"How to Talk to Your Partner About Bringing Someone Else into the Bedroom ",VSE,Hollywood Psychics,MRichardsonEdit      0,lyndsierobinson[1]      3      3,SHAREBAIT,500,0,2014-07-25 00:11:49,30
3,V-14-7700-226340,The Dos and Don'ts of Post-Breakup Life,"The Dos and Don't of Post-Breakup Life",VSE,Hollywood Psychics,MRichardsonEdit      0,lyndsierobinson[1]      3      3,SHAREBAIT,500,0,2014-07-25 06:11:51,30
4,V-14-7700-226334,4 Ways to Keep Long-term Sex Interesting,"# Ways to Keep Long-term Sex Interesting",VSE,Hollywood Psychics,MCaldarelliEdit      0,lyndsierobinson[1]      3      3,SHAREBAIT,500,0,2014-07-25 07:21:18,30
5,V-14-7700-226333,7 Signs He's in Love with You Even if He Hasn't Said it,"# Signs He's in Love with You Even if He Hasn't Said it",VSE,Hollywood Psychics,MCaldarelliEdit      0,aliciarades[1]      0      0,SHAREBAIT,500,0,2014-07-24 15:35:07,30
6,V-14-7899-226267,Psychic Chakras: What Are They?,"Psychic Chakras: What Are They? ",VSE,PsychicSource,AnnaKuehlEditor      7,natashamier[1]      1      1,SHAREBAIT,500,0,2014-07-23 19:48:23,30
7,V-14-7899-222565,5 Ways to Know if You're on the Right Life Path," # Ways to Know if You're on the Right Life Path",VSE,PsychicSource,ADodgeEditor      5,mandirogier[1]      17      5,SHAREBAIT,500,0,2014-06-12 07:49:11,30
8,V-14-7899-222564,4 Places to Find the Perfect Pet for Your Family,"# Places to Find the Perfect Pet for Your Family",VSE,PsychicSource,ADodgeEditor      5,mandirogier[1]      17      5,SHAREBAIT,500,0,2014-06-12 08:26:36,30
9,V-14-7899-222563,4 Effective Ways to Tell Your Kids &quot;NO&quot;,"# Effective Ways to Tell Your Kids &quot;NO&quot;",VSE,PsychicSource,ADodgeEditor      5,laurenkatulka[1]      11      7,SHAREBAIT,500,0,2014-06-12 03:29:57,30
10,V-14-7899-222562,4 Things That Ruin Marriages (And How You Can Prevent Them),"# Things That Ruin Marriages (And How You Can Prevent Them)",VSE,PsychicSource,ADodgeEditor      5,laurenkatulka[1]      11      7,SHAREBAIT,500,0,2014-06-12 02:12:00,30
11,V-14-7899-222561,4 Methods That Can Actually Help You Quit Smoking,"# Methods That Can Actually Help You Quit Smoking",VSE,PsychicSource,ADodgeEditor      5,natashamier[1]      1      1,SHAREBAIT,500,0,2014-06-11 22:24:02,30
12,V-14-7899-222560,4 Ways to Overcome the Fear of Being Alone,"# Ways to Overcome the Fear of Being Alone",VSE,PsychicSource,ADodgeEditor      5,natashamier[1]      1      1,SHAREBAIT,500,0,2014-06-11 22:02:13,30
13,V-14-7700-222559,4 Ways to Overcome Fear,# Ways to Overcome Fear,VSE,Hollywood Psychics,CarolineCampbell      34,laurenkatulka[1]      11      7,SHAREBAIT,500,0,2014-06-15 19:33:21,30
14,V-14-7700-222558,4 Things You Can Learn from a Bad Breakup,"# Things You Can Learn From a Bad Breakup",VSE,Hollywood Psychics,CarolineCampbell      34,laurenkatulka[1]      11      7,SHAREBAIT,500,0,2014-06-15 01:16:03,30
15,V-14-7700-222557,4 Ways to Stay True to Yourself,"# Ways to Stay True to Yourself",VSE,Hollywood Psychics,CarolineCampbell      34,laurenkatulka[1]      11      7,SHAREBAIT,500,0,2014-06-15 00:08:33,30
16,V-14-7700-222556,5 Ways to Remember Life is Better Than You Think,"# Ways to Remember Life is Better Than You Think",VSE,Hollywood Psychics,CarolineCampbell      34,laurenkatulka[1]      11      7,SHAREBAIT,500,0,2014-06-14 20:09:54,30
17,V-14-7700-222555,4 Weekend Activities to Change Your View of the World,"# Weekend Activities To Change Your View of the World",VSE,Hollywood Psychics,CarolineCampbell      34,laurenkatulka[1]      11      7,SHAREBAIT,500,0,2014-06-14 18:41:55,30
18,V-14-7700-222554,6 Home Upgrades that Promote Spiritual Growth,"# Home Upgrades that Promote Spiritual Growth",VSE,Hollywood Psychics,CarolineCampbell      34,mandirogier[1]      17      5,SHAREBAIT,500,0,2014-06-17 11:47:57,30
19,V-14-7700-222553,How to Deal With a Job You Hate,"How to Deal With a Job You Hate",VSE,Hollywood Psychics,CarolineCampbell      34,mandirogier[1]      17      5,SHAREBAIT,500,0,2014-06-17 11:18:59,30
20,V-14-7700-222552,How to Make the Most of Life's In-Between Phases,"How to Make the Most of Life's In-Between Phases",VSE,Hollywood Psychics,CarolineCampbell      34,mandirogier[1]      17      5,SHAREBAIT,500,0,2014-06-17 10:03:38,30
21,V-14-7700-222551,6 Ways You're Sabotaging Your Own Happiness,"# Ways You're Sabotaging Your Own Happiness",VSE,Hollywood Psychics,CarolineCampbell      34,mandirogier[1]      17      5,SHAREBAIT,500,0,2014-06-17 09:31:44,30
22,V-14-7700-222550,5 Life Skills Absolutely Everyone Needs,"# Life Skills Absolutely Everyone Needs",VSE,Hollywood Psychics,CarolineCampbell      34,mandirogier[1]      17      5,SHAREBAIT,500,0,2014-06-17 08:01:02,30
23,V-14-7700-222549,4 Trips that Will Change Your Life,"# Trips that Will Change Your Life",VSE,Hollywood Psychics,CarolineCampbell      34,laurenkatulka[1]      11      7,SHAREBAIT,500,0,2014-06-11 18:07:49,30
24,V-14-7700-222548,4 Things that Might be Keeping You from Finding Love," # Things that Might be Keeping You from Finding Love",VSE,Hollywood Psychics,CarolineCampbell      34,laurenkatulka[1]      11      7,SHAREBAIT,500,0,2014-06-11 18:06:08,30
25,V-14-7700-222547,5 Small Actions that Can Save a Marriage,"# Small Actions that Can Save a Marriage",VSE,Hollywood Psychics,CarolineCampbell      34,mandirogier[1]      17      5,SHAREBAIT,500,0,2014-06-11 06:55:22,30
26,V-14-7700-222546,Tips For Dealing with Joint-Custody,"Tips For Dealing with Joint-Custody",VSE,Hollywood Psychics,CarolineCampbell      34,mandirogier[1]      17      5,SHAREBAIT,500,0,2014-06-11 08:16:29,30
27,V-14-7700-222545,How to Choose a Focal Point for Meditation,"How to Choose a Focal Point for Meditation",VSE,Hollywood Psychics,CarolineCampbell      34,natashamier[1]      1      1,SHAREBAIT,500,0,2014-06-11 11:30:07,30
28,V-14-7700-222544,4 Dreams You Should Never Ignore,"# Dreams You Should Never Ignore",VSE,Hollywood Psychics,CarolineCampbell      34,natashamier[1]      1      1,SHAREBAIT,500,0,2014-06-11 09:03:27,30
29,V-14-7899-219712,4 Signs He’ll Really Leave His Wife for You,# Signs He'll Really Leave His Wife for You,VSE,PsychicSource,ADodgeEditor      5,carastromness[1]      6      3,SHAREBAIT,500,0,2014-06-10 16:51:30,30
30,V-14-7899-219711,4 Techniques for Improving Your Emotional Health,"# Techniques for Improving Your Emotional Health",VSE,PsychicSource,ADodgeEditor      5,carastromness[1]      6      3,SHAREBAIT,500,0,2014-06-10 16:54:16,30
31,V-14-7899-219710,4 Ways to Stop Living Beyond Your Means and Save Money,"# Ways to Stop Living Beyond Your Means and Save Money",VSE,PsychicSource,ADodgeEditor      5,carastromness[1]      6      3,SHAREBAIT,500,0,2014-06-25 14:51:17,30
32,V-14-7899-219709,4 Surefire Ways to Decrease Your Stress Levels,"# Surefire Ways to Decrease Your Stress Levels",VSE,PsychicSource,HarveyGEditor      27,carastromness[1]      6      3,SHAREBAIT,500,0,2014-05-13 05:53:17,30
33,V-14-7899-219707,4 Signs You’re Ready to Make the Switch to Self-Employment,"# Signs You're Ready to Make the Switch to Self-Employment",VSE,PsychicSource,HarveyGEditor      27,carastromness[1]      6      3,SHAREBAIT,500,0,2014-05-12 12:44:02,30
34,V-14-7899-219706,Love Potion Number 9: Making Him Fall in Love with You,"Love Potion Number 9: Making Him Fall in Love with You",VSE,PsychicSource,HarveyGEditor      27,carastromness[1]      6      3,SHAREBAIT,500,0,2014-05-12 16:31:01,30
35,V-14-7899-219705,The Midas Touch: Is There Money in Your Future?,"The Midas Touch: Is There Money in Your Future?",VSE,PsychicSource,HarveyGEditor      27,carastromness[1]      6      3,SHAREBAIT,500,0,2014-05-12 12:27:43,30
36,V-14-7899-219704,How to Stop Feeling Like a Failure,"How to Stop Feeling Like a Failure",VSE,PsychicSource,HarveyGEditor      27,carastromness[1]      6      3,SHAREBAIT,500,0,2014-05-12 11:34:36,30
37,V-14-7899-219703,Family Future: Will You Have Children?,"Family Future: Will You Have Children?",VSE,PsychicSource,HarveyGEditor      27,carastromness[1]      6      3,SHAREBAIT,500,0,2014-05-12 06:53:01,30
38,V-14-7899-219702,5 Revealing Questions to Ask Deceased Loved Ones,"# Revealing Questions to Ask Deceased Loved Ones",VSE,PsychicSource,HarveyGEditor      27,carastromness[1]      6      3,SHAREBAIT,500,0,2014-05-12 04:53:34,30
39,V-14-7899-219700,5 Things Your Pet Communicator Can Tell You After a Loss,"# Things Your Pet Communicator Can Tell You After a Loss",VSE,PsychicSource,HarveyGEditor      27,carastromness[1]      6      3,SHAREBAIT,500,0,2014-05-11 11:13:13,30
40,V-14-7899-219699,Is a Big Decision Worth the Risk? 4 Ways to Tell,"Is a Big Decision Worth the Risk? # Ways to Tell",VSE,PsychicSource,HarveyGEditor      27,carastromness[1]      6      3,SHAREBAIT,500,0,2014-05-10 19:16:02,30
41,V-14-7899-219698,"I Do, I Don’t: When Should You Pop the Question?","I Do, I Don't: When Should You Pop the Question?",VSE,PsychicSource,HarveyGEditor      27,carastromness[1]      6      3,SHAREBAIT,500,0,2014-05-10 11:43:47,30
42,V-14-7899-219697,5 Ways Psychics Can Help You with Weight Loss,"# Ways Psychics Can Help You with Weight Loss",VSE,PsychicSource,ADodgeEditor      5,lyndsierobinson[1]      3      3,SHAREBAIT,500,0,2014-05-08 19:40:40,30
43,V-14-7899-219696,Insomnia: 4 Underlying Reasons You Can’t Get to REM,"Insomnia: # Underlying Reasons You Can’t Get to REM",VSE,PsychicSource,ADodgeEditor      5,lyndsierobinson[1]      3      3,SHAREBAIT,500,0,2014-05-09 12:07:16,30
44,V-14-7899-219695,How to Feel Happy When Life Is Sad,"How to Feel Happy When Life Is Sad",VSE,PsychicSource,ADodgeEditor      5,lyndsierobinson[1]      3      3,SHAREBAIT,500,0,2014-05-08 15:47:00,30
45,V-14-7899-219694,Sibling Rivalries: How to Break an Unhealthy Cycle,"Sibling Rivalries: How to Break an Unhealthy Cycle",VSE,PsychicSource,ADodgeEditor      5,lyndsierobinson[1]      3      3,SHAREBAIT,500,0,2014-05-09 15:17:49,30
46,V-14-7899-219693,Clair What? A Look at Psychic Powers,"Clair What? A Look at Psychic Powers",VSE,PsychicSource,ADodgeEditor      5,lyndsierobinson[1]      3      3,SHAREBAIT,500,0,2014-05-09 12:01:50,30
47,V-14-7899-219692,Breaking the Sleepy Cycle: 4 Lifestyle Changes to Boost Your Energy,"Breaking the Sleepy Cycle: # Lifestyle Changes to Boost Your Energy",VSE,PsychicSource,ADodgeEditor      5,lyndsierobinson[1]      3      3,SHAREBAIT,500,0,2014-05-08 23:33:01,30
48,V-14-7899-219691,Perfectionism: How to Let Go and Stop Stressing,"Perfectionism: How to Let Go and Stop Stressing",VSE,PsychicSource,ADodgeEditor      5,lyndsierobinson[1]      3      3,SHAREBAIT,500,0,2014-05-09 00:15:02,30
49,V-14-7899-219690,How to Find Happiness After a Life Changing Injury,"How to Find Happiness After a Life Changing Injury",VSE,PsychicSource,ADodgeEditor      5,lyndsierobinson[1]      3      3,SHAREBAIT,500,0,2014-05-09 01:18:15,30
50,V-14-7899-219689,"Don’t End the Marriage, End the Rut","Don’t End the Marriage, End the Rut",VSE,PsychicSource,ADodgeEditor      5,lyndsierobinson[1]      3      3,SHAREBAIT,500,0,2014-05-09 11:40:58,30
51,V-14-7899-219688,How to Deal with the Emotional Challenges of Parenting a Child with Disabilities,"How to Deal with the Emotional Challenges of Parenting a Child with Disabilities",VSE,PsychicSource,ADodgeEditor      5,lyndsierobinson[1]      3      3,SHAREBAIT,500,0,2014-05-09 11:20:53,30
52,V-14-7899-219687,Moving Away From Your Family: 5 Emotions You Didn’t Expect,"Moving Away From Your Family: # Emotions You Didn’t Expect",VSE,PsychicSource,ADodgeEditor      5,lyndsierobinson[1]      3      3,SHAREBAIT,500,0,2014-05-09 10:57:46,30
53,V-14-7899-219686,5 Realistic Goals You Should Set for the Future,"# Realistic Goals You Should Set for the Future",VSE,PsychicSource,ADodgeEditor      5,lyndsierobinson[1]      3      3,SHAREBAIT,500,0,2014-05-09 10:31:00,30
54,V-14-7899-219685,Guilt: 4 Reasons You Shouldn’t Blame Yourself,"Guilt: # Reasons You Shouldn’t Blame Yourself",VSE,PsychicSource,ADodgeEditor      5,lyndsierobinson[1]      3      3,SHAREBAIT,500,0,2014-05-09 10:11:03,30
55,V-14-7899-219684,5 Ways to Prepare for the Unexpected Life Turns,"# Ways to Prepare for the Unexpected Life Turns",VSE,PsychicSource,ADodgeEditor      5,lyndsierobinson[1]      3      3,SHAREBAIT,500,0,2014-05-09 09:50:30,30
56,V-14-7899-219683,Deciphering Love: 5 Times Marriage Is the Wrong Choice,"Deciphering Love: # Times Marriage Is the Wrong Choice",VSE,PsychicSource,ADodgeEditor      5,lyndsierobinson[1]      3      3,SHAREBAIT,500,0,2014-05-09 09:26:02,30
57,V-14-7700-219679,4 Essential Questions for Every Relationship,# Essential Questions for Every Relationship,VSE,Hollywood Psychics,CarolineCampbell      34,mandirogier[1]      17      5,SHAREBAIT,500,0,2014-05-08 14:19:27,30
58,V-14-7700-219678,6 Smart Things Happy Couples Do,"# Smart Things Happy Couples Do",VSE,Hollywood Psychics,CarolineCampbell      34,mandirogier[1]      17      5,SHAREBAIT,500,0,2014-05-08 15:36:16,30
59,V-14-7700-219677,"6 Signs You're Going Too Fast in Life, and What to Do About It","# Signs You're Going Too Fast in Life, and What to Do About It",VSE,Hollywood Psychics,CarolineCampbell      34,mandirogier[1]      17      5,SHAREBAIT,500,0,2014-05-08 16:02:33,30
60,V-14-7700-219676,5 Habits that Will Help You Find Happines in Unusual Places,"# Habits that Will Help You Find Happines in Unusual Places",VSE,Hollywood Psychics,CarolineCampbell      34,mandirogier[1]      17      5,SHAREBAIT,500,0,2014-05-08 16:25:58,30
61,V-14-7700-219675,What a Psychic Can and Can't Tell You About Love,"What a Psychic Can and Can't Tell You About Love",VSE,Hollywood Psychics,CarolineCampbell      34,mandirogier[1]      17      5,SHAREBAIT,500,0,2014-05-08 17:18:36,30
62,V-14-7700-219674,5 Ways to Feed the Flame: Maintaining Excitement in Your Relationship,"# Ways to Feed the Flame: Maintaining Excitement in Your Relationship",VSE,Hollywood Psychics,CarolineCampbell      34,mandirogier[1]      17      5,SHAREBAIT,500,0,2014-05-08 17:47:23,30
63,V-14-7700-219673,Why Cheating Husbands Rarely Leave Their Wives,"Why Cheating Husbands Rarely Leave Their Wives",VSE,Hollywood Psychics,CarolineCampbell      34,mandirogier[1]      17      5,SHAREBAIT,500,0,2014-05-08 14:56:42,30
64,V-14-7700-219672,How to Embrace the Solo Life,"How to Embrace the Solo Life",VSE,Hollywood Psychics,CarolineCampbell      34,mandirogier[1]      17      5,SHAREBAIT,500,0,2014-05-08 18:11:19,30
65,V-14-7700-219671,5 Sneaky Things That Are Keeping You From True Happiness,"# Sneaky Things That Are Keeping You From True Happiness",VSE,Hollywood Psychics,CarolineCampbell      34,mandirogier[1]      17      5,SHAREBAIT,500,0,2014-05-09 05:19:08,30
66,V-14-7700-219670,5 Habits That Are Preventing You From Finding Love,"# Habits That Are Preventing You From Finding Love",VSE,Hollywood Psychics,CarolineCampbell      34,mandirogier[1]      17      5,SHAREBAIT,500,0,2014-05-09 05:45:15,30
67,V-14-7700-219669,The Best Letter You'll Ever Write: How to Pen a Note to Yourself,"The Best Letter You'll Ever Write: How to Pen a Note to Yourself",VSE,Hollywood Psychics,CarolineCampbell      34,mandirogier[1]      17      5,SHAREBAIT,500,0,2014-05-09 06:52:18,30
68,V-14-7700-219668,6 Surprising Signs that You've Found &quot;The One&quot;,"# Surprising Signs that You've Found &quot;The One&quot;",VSE,Hollywood Psychics,CarolineCampbell      34,mandirogier[1]      17      5,SHAREBAIT,500,0,2014-05-09 07:24:58,30
69,V-14-7700-219667,6 Simple Steps that Will Move You Closer to Inner Peace,"# Simple Steps that Will Move You Closer to Inner Peace",VSE,Hollywood Psychics,CarolineCampbell      34,mandirogier[1]      17      5,SHAREBAIT,500,0,2014-05-09 07:56:47,30
70,V-14-7700-219666,"5 Signs It's Lust, Not Love","# Signs It's Lust, Not Love",VSE,Hollywood Psychics,CarolineCampbell      34,mandirogier[1]      17      5,SHAREBAIT,500,0,2014-05-09 08:27:20,30
71,V-14-7700-219665,How to Trust the Universe instead of Planning,"How to Trust the Universe instead of Planning",VSE,Hollywood Psychics,CarolineCampbell      34,mandirogier[1]      17      5,SHAREBAIT,500,0,2014-05-09 08:55:16,30
72,V-14-7899-214273,Using the Tarot to Land a Promotion,Using the Tarot to Land a Promotion,VSE,PsychicSource,ADodgeEditor      5,lyndsierobinson[1]      3      3,SHAREBAIT,500,0,2014-04-10 09:38:48,30
73,V-14-7899-214272,How a Psychic Phone Call Can Save Your Sanity,"How a Psychic Phone Call Can Save Your Sanity",VSE,PsychicSource,ADodgeEditor      5,lyndsierobinson[1]      3      3,SHAREBAIT,500,0,2014-04-10 11:27:40,30
74,V-14-7899-214271,What to Do with a Malicious Mother-in-Law,"What to Do with a Malicious Mother-in-Law",VSE,PsychicSource,ADodgeEditor      5,lyndsierobinson[1]      3      3,SHAREBAIT,500,0,2014-04-10 00:18:03,30
75,V-14-7899-214270,Helping a Friend Emerge from an Unsafe Relationship,"Helping a Friend Emerge from an Unsafe Relationship",VSE,PsychicSource,ADodgeEditor      5,lyndsierobinson[1]      3      3,SHAREBAIT,500,0,2014-04-10 00:27:29,30
76,V-14-7899-214269,How to Overcome the Struggle with Addiction,"How to Overcome the Struggle with Addiction",VSE,PsychicSource,ADodgeEditor      5,lyndsierobinson[1]      3      3,SHAREBAIT,500,0,2014-04-10 09:47:10,30
77,V-14-7899-214268,Finding a Happily-Ever-After When You're Single,"Finding a Happily-Ever-After When You're Single",VSE,PsychicSource,ADodgeEditor      5,lyndsierobinson[1]      3      3,SHAREBAIT,500,0,2014-04-10 11:30:55,30
78,V-14-7899-214267,5 Key Tips for Peacefully Blending a Family,"# Key Tips for Peacefully Blending a Family",VSE,PsychicSource,ADodgeEditor      5,lyndsierobinson[1]      3      3,SHAREBAIT,500,0,2014-04-10 12:41:42,30
79,V-14-7899-214266,Soothing Ways to Explain the Death of a Pet to Your Child,"Soothing Ways to Explain the Death of a Pet to Your Child",VSE,PsychicSource,ADodgeEditor      5,lyndsierobinson[1]      3      3,SHAREBAIT,500,0,2014-04-10 00:08:17,30
80,V-14-7899-214265,How to Avoid the Temptation to Cheat,"How to Avoid the Temptation to Cheat",VSE,PsychicSource,ADodgeEditor      5,lyndsierobinson[1]      3      3,SHAREBAIT,500,0,2014-04-10 12:37:49,30
81,V-14-7899-214264,5 Strategies to Turn Failure into Success,"# Strategies to Turn Failure into Success",VSE,PsychicSource,ADodgeEditor      5,lyndsierobinson[1]      3      3,SHAREBAIT,500,0,2014-04-10 14:00:14,30
82,V-14-7899-214263,Discover the Best Time to Start Your Own Business,"Discover the Best Time to Start Your Own Business",VSE,PsychicSource,HarveyGEditor      27,laurenkatulka[1]      11      7,SHAREBAIT,500,0,2014-04-09 19:26:52,30
83,V-14-7899-214262,5 Key Things Your Numerologists Can Reveal about You,"# Key Things Your Numerologists Can Reveal about You",VSE,PsychicSource,,aliciarades[1]      0      0,SHAREBAIT,500,0,2014-04-04 13:59:05,30
84,V-14-7899-214261,3 Ways Your Body Language Might Be Alienating You,"# Ways Your Body Language Might Be Alienating You",VSE,PsychicSource,HarveyGEditor      27,laurenkatulka[1]      11      7,SHAREBAIT,500,0,2014-04-10 01:51:14,30
85,V-14-7899-214260,How to Avoid Suffering Workplace Burnout,"How to Avoid Suffering Workplace Burnout",VSE,PsychicSource,,aliciarades[1]      0      0,SHAREBAIT,500,0,2014-04-04 09:18:12,30
86,V-14-7899-214259,4 Positive Reasons Starting a Journal Can Ease Your Stress,"# Positive Reasons Starting a Journal Can Ease Your Stress",VSE,PsychicSource,HarveyGEditor      27,laurenkatulka[1]      11      7,SHAREBAIT,500,0,2014-04-09 03:37:59,30
87,V-14-7899-214258,Tips for Connecting with the Deceased,"Tips for Connecting with the Deceased",VSE,PsychicSource,HarveyGEditor      27,aliciarades[1]      0      0,SHAREBAIT,500,0,2014-04-07 10:17:23,30
88,V-14-7899-214257,Build Trust with Your Psychic for a Better Reading,"Build Trust with Your Psychic for a Better Reading",VSE,PsychicSource,HarveyGEditor      27,aliciarades[1]      0      0,SHAREBAIT,500,0,2014-04-04 10:24:52,30
89,V-14-7899-214256,When Grieving Doesn't Seem to End,"When Grieving Doesn't Seem to End",VSE,PsychicSource,HarveyGEditor      27,aliciarades[1]      0      0,SHAREBAIT,500,0,2014-04-04 11:46:20,30
90,V-14-7899-214255,Why Do People Dream?,"Why Do People Dream?",VSE,PsychicSource,CarolineCampbell      34,laurenkatulka[1]      11      7,SHAREBAIT,500,0,2014-05-01 18:47:56,30
91,V-14-7899-214254,Numbers in Dreams and What They Mean,"Numbers in Dreams and What They Mean",VSE,PsychicSource,,kristenmccalla[1]      0      0,SHAREBAIT,500,0,2014-04-03 11:17:14,30
92,V-14-7899-214253,What Happens When You Get a Tarot Card Reading?,"What Happens When You Get a Tarot Card Reading?",VSE,PsychicSource,HarveyGEditor      27,carastromness[1]      6      3,SHAREBAIT,500,0,2014-04-11 14:06:19,30
93,V-14-7899-214252,The History of Tarot Cards,"The History of Tarot Cards",VSE,PsychicSource,HarveyGEditor      27,carastromness[1]      6      3,SHAREBAIT,500,0,2014-04-11 12:33:37,30
94,V-14-7899-214251,How Numerology Can Help You in Life,"How Numerology Can Help You in Life",VSE,PsychicSource,CarolineCampbell      34,carastromness[1]      6      3,SHAREBAIT,500,0,2014-04-11 07:10:15,30
95,V-14-7899-214250,Looking to Make a Move? 4 Things to Consider About Your New Location,"Looking to Make a Move? # Things to Consider About Your New Location",VSE,PsychicSource,CarolineCampbell      34,carastromness[1]      6      3,SHAREBAIT,500,0,2014-05-02 07:52:47,30
96,V-14-7899-214249,How to Tell the Difference Between an Authentic Psychic and a Fraud,"How to Tell the Difference Between an Authentic Psychic and a Fraud",VSE,PsychicSource,CarolineCampbell      34,carastromness[1]      6      3,SHAREBAIT,500,0,2014-04-10 10:28:42,30
97,V-14-7899-214248,Understanding the Abilities of a Clairvoyant,"Understanding the Abilties of a Clairvoyant",VSE,PsychicSource,CarolineCampbell      34,carastromness[1]      6      3,SHAREBAIT,500,0,2014-04-10 05:24:40,30
98,V-14-7899-214247,How Can a Psychic Help You Grieve,"How Can a Psychic Help You Grieve",VSE,PsychicSource,CarolineCampbell      34,carastromness[1]      6      3,SHAREBAIT,500,0,2014-04-10 04:38:45,30
99,V-14-7899-214246,Relationship Issues: 4 Times You Should Consult a Love Psychic,"Relationship Issues: # Times You Should Consult a Love Psychic",VSE,PsychicSource,CarolineCampbell      34,carastromness[1]      6      3,SHAREBAIT,500,0,2014-04-10 04:00:44,30
100,V-14-7899-214245,6 Myths About Love and Compatibility,"# Myths About Love and Compatibility",VSE,PsychicSource,CarolineCampbell      34,carastromness[1]      6      3,SHAREBAIT,500,0,2014-04-10 03:36:27,30
101,V-14-7899-214244,4 Misconceptions About Love Psychics,"# Misconceptions About Love Psychics",VSE,PsychicSource,CarolineCampbell      34,carastromness[1]      6      3,SHAREBAIT,500,0,2014-04-09 23:55:46,30
102,V-14-7700-214242,The Dangers of Signing Up for Free Stuff Online,"The Dangers of Signing Up for Free Stuff Online",VSE,Hollywood Psychics,CarolineCampbell      34,,SHAREBAIT,500,0,2014-04-16 16:42:22,30
103,V-14-7700-214241,5 Things You Should Always Have in Your Car,"# Things You Should Always Have in Your Car",VSE,Hollywood Psychics,CarolineCampbell      34,,SHAREBAIT,500,0,2014-04-16 16:41:13,30
104,V-14-7700-214240,How to Tell if You're Doing Your Exercises Right,"How to Tell if You're Doing Your Exercises Right",VSE,Hollywood Psychics,CarolineCampbell      34,,SHAREBAIT,500,0,2014-04-16 16:39:55,30
105,V-14-7700-214239,What Do the New Nutrition Labels Mean?,"What Do the New Nutrition Labels Mean? ",VSE,Hollywood Psychics,CarolineCampbell      34,,SHAREBAIT,500,0,2014-04-08 12:53:54,30
106,V-14-7700-214238,How Much Time Should You Spend on Psychic Readings?,"How Much Time Should You Spend on Psychic Readings? ",VSE,Hollywood Psychics,CarolineCampbell      34,mandirogier[1]      17      5,SHAREBAIT,500,0,2014-04-09 09:46:37,30
107,V-14-7700-214237,Why the Sexy Bombshell on the Magazine Isn't Really What Men are Looking for,"Why the Sexy Bombshell on the Magazine Isn't Really What Men are Looking for",VSE,Hollywood Psychics,CarolineCampbell      34,kristenmccalla[1]      0      0,SHAREBAIT,500,0,2014-04-03 15:01:44,30
108,V-14-7700-214236,How to Tell if You're Seeing a Real Psychic,"How to Tell if You're Seeing a Real Psychic",VSE,Hollywood Psychics,CarolineCampbell      34,mandirogier[1]      17      5,SHAREBAIT,500,0,2014-04-09 13:35:12,30
109,V-14-7700-214235,The Real Needs of Special Needs Parents: What Should You Do if Your Friend's Baby Isn't &quot;Normal&quot;,"The Real Needs of Special Needs Parents: What Should You Do if Your Friend's Baby Isn't &quot;Normal&quot; ",VSE,Hollywood Psychics,CarolineCampbell      34,mandirogier[1]      17      5,SHAREBAIT,500,0,2014-04-10 06:54:07,30
110,V-14-7700-214234,Are Online Psychics as Good as a Psychic Reading in Person?,"Are Online Psychics as Good as a Psychic Reading in Person? ",VSE,Hollywood Psychics,CarolineCampbell      34,mandirogier[1]      17      5,SHAREBAIT,500,0,2014-04-10 07:30:14,30
111,V-14-7700-214233,7 Proven Ways to Get Out of Debt and Reclaim Your Future,"# Proven Ways to Get Out of Debt and Reclaim Your Future",VSE,Hollywood Psychics,CarolineCampbell      34,francescamartin[1]      0      0,SHAREBAIT,500,0,2014-04-09 21:33:54,30
112,V-14-7700-214232,Can Your Psychic Change the Future?,"Can Your Psychic Change the Future? ",VSE,Hollywood Psychics,CarolineCampbell      34,francescamartin[1]      0      0,SHAREBAIT,500,0,2014-04-09 23:51:27,30
113,V-14-7700-214231,6 Scary Dreams That Actually Mean Something Good,"# Scary Dreams That Actually Mean Something Good",VSE,Hollywood Psychics,CarolineCampbell      34,francescamartin[1]      0      0,SHAREBAIT,500,0,2014-04-09 16:06:25,30
114,V-14-7700-214230,9 Ways to Become a Morning Person,"# Ways to Become a Morning Person",VSE,Hollywood Psychics,CarolineCampbell      34,francescamartin[1]      0      0,SHAREBAIT,500,0,2014-04-09 16:18:05,30
115,V-14-7700-214229,7 Things You Need to Know Before Heading to the Salon,"# Things You Need to Know Before You Head to the Salon",VSE,Hollywood Psychics,CarolineCampbell      34,francescamartin[1]      0      0,SHAREBAIT,500,0,2014-04-09 16:09:57,30
116,V-14-7700-214173,How to Choose Career Psychics,Career Pyschics,VSE,Hollywood Psychics,CBerghoefer      36,mattthompson[1]      11      3,SHAREBAIT,500,0,2014-03-31 16:16:15,30
117,V-14-7700-213204,Women and Porn: Is the Tide Turning?,Women and Porn: Is the Tide Turning?,VSE,Hollywood Psychics,,,SHAREBAIT,500,0,2014-03-07 13:47:47,30
118,V-14-7700-213203,Your Simple Guide to the New Facebook Gender Terms,"Your Simple Guide to the New Facebook Gender Terms",VSE,Hollywood Psychics,,,SHAREBAIT,500,0,2014-03-07 13:05:23,30
119,V-14-7700-213202,7 Top Turnoffs for the Opposite Sex,"# Top Turnoffs for the Opposite Sex ",VSE,Hollywood Psychics,CarolineCampbell      34,,SHAREBAIT,500,0,2014-03-10 13:12:53,30
120,V-14-7700-213201,"How to Move in With Your Guy, Without Freaking Him Out","How to Move in With Your Guy, Without Freaking Him Out ",VSE,Hollywood Psychics,CarolineCampbell      34,,SHAREBAIT,500,0,2014-03-11 15:27:54,30
121,V-14-7700-213200,Entertaining 101: How to Pair the Right Wine With the Foods You Serve,"Entertaining 101: How to Pair the Right Wine With the Foods You Serve ",VSE,Hollywood Psychics,CarolineCampbell      34,,SHAREBAIT,500,0,2014-03-11 15:08:25,30
122,V-14-7700-213199,How Blue is Too Blue? Recognizing the Signs and Symptoms of Clinical Depression,"How Blue is Too Blue? Recognizing the Signs and Symptoms of Clinical Depression ",VSE,Hollywood Psychics,CarolineCampbell      34,,SHAREBAIT,500,0,2014-03-11 14:14:46,30
123,V-14-7700-213198,"He Loves Me, He Loves Me Not","He Loves Me, He Loves Me Not (about reading a man's signs/emotions)",VSE,Hollywood Psychics,CarolineCampbell      34,,SHAREBAIT,500,0,2014-03-11 13:48:43,30
124,V-14-7700-213197,9 Reasons He Won't Commit,"# Reasons He Won't Commit",VSE,Hollywood Psychics,CarolineCampbell      34,,SHAREBAIT,500,0,2014-03-10 12:40:08,30
125,V-14-7700-213196,7 Ways to Get Noticed at Work,"# Ways to Get Noticed at Work",VSE,Hollywood Psychics,CarolineCampbell      34,,SHAREBAIT,500,0,2014-03-10 11:54:11,30
126,V-14-7700-213195,5 Ways to Own a Room When You Walk Into It,"# Ways to Own a Room When You Walk Into It",VSE,Hollywood Psychics,ericthuesen      1,,SHAREBAIT,500,0,2014-03-18 15:34:28,30
127,V-14-7700-213194,Using a Psychic For Affirmation Instead of Preditctons,"Using a Psychic For Affirmation Instead of Preditctons",VSE,Hollywood Psychics,ericthuesen      1,,SHAREBAIT,500,0,2014-03-18 15:34:44,30
128,V-14-7700-213193,Choosing the Perfect Starter Home,"Choosing the Perfect Starter Home",VSE,Hollywood Psychics,ericthuesen      1,,SHAREBAIT,500,0,2014-03-18 15:35:29,30
129,V-14-7700-213192,Surviving as a Single Mom or Dad,"Surviving as a Single Mom or Dad",VSE,Hollywood Psychics,ericthuesen      1,,SHAREBAIT,500,0,2014-03-18 15:35:46,30
130,V-14-7700-213191,What to Expect During Your First Pregnancy,"What to Expect During Your First Pregnancy",VSE,Hollywood Psychics,CarolineCampbell      34,,SHAREBAIT,500,0,2014-03-07 11:33:38,30
131,V-14-7700-213190,How Can Tarot Point You in the Right Direction,"How Can Tarot Point You in the Right Direction",VSE,Hollywood Psychics,ericthuesen      1,,SHAREBAIT,500,0,2014-03-18 15:36:03,30
132,V-14-7899-213189,5 Places to Look for Love: Ask a Psychic,# Places to Look for Love: Ask a Psychic,VSE,PsychicSource,,carastromness[1]      6      3,SHAREBAIT,500,0,2014-03-11 10:58:16,30
133,V-14-7899-213188,Tips for Managing Your Debt and Saving for the Future,"Tips for Managing Your Debt and Saving for the Future",VSE,PsychicSource,,carastromness[1]      6      3,SHAREBAIT,500,0,2014-03-11 09:59:00,30
134,V-14-7899-213187,Love Psychics and What They Can Do for You,"Love Psychics and What They Can Do for You",VSE,PsychicSource,,carastromness[1]      6      3,SHAREBAIT,500,0,2014-03-11 09:21:00,30
135,V-14-7899-213186,Why Dreams Are More Vivid During Pregnancy,"Why Dreams Are More Vivid During Pregnancy",VSE,PsychicSource,ericthuesen      1,carastromness[1]      6      3,SHAREBAIT,500,0,2014-03-18 15:36:31,30
136,V-14-7899-213185,Looking at the Abilities of a Clairsentient,"Looking at the Abilities of a Clairsentient",VSE,PsychicSource,ericthuesen      1,carastromness[1]      6      3,SHAREBAIT,500,0,2014-03-18 15:36:48,30
137,V-14-7899-213184,Avoid Burnout By Learning to Put Yourself First,"Avoid Burnout By Learning to Put Yourself First",VSE,PsychicSource,ericthuesen      1,carastromness[1]      6      3,SHAREBAIT,500,0,2014-03-18 15:37:04,30
138,V-14-7899-213183,Color as a Form of Therapy: How It Can Help You,"Color as a Form of Therapy: How it Can Help You",VSE,PsychicSource,ericthuesen      1,carastromness[1]      6      3,SHAREBAIT,500,0,2014-03-18 15:37:24,30
139,V-14-7899-213182,How to Know When It’s Time to Quit Your Job,"How to Know When It's Time to Quit Your Job",VSE,PsychicSource,ericthuesen      1,carastromness[1]      6      3,SHAREBAIT,500,0,2014-03-18 15:37:42,30
140,V-14-7899-213181,Is Having Psychic Powers a Gift or Curse?,"Is Having Psychic Powers a Gift or Curse?",VSE,PsychicSource,,carastromness[1]      6      3,SHAREBAIT,500,0,2014-03-10 20:44:12,30
141,V-14-7899-213180,5 Tips to Help You Recall Your Dreams,"# Tips to Help You Recall Your Dreams",VSE,PsychicSource,,carastromness[1]      6      3,SHAREBAIT,500,0,2014-03-10 13:24:33,30
142,V-14-7899-213179,Dealing with Depression: How a Psychic Can Help,"Dealing with Depression: How a Psychic Can Help",VSE,PsychicSource,,carastromness[1]      6      3,SHAREBAIT,500,0,2014-03-10 12:46:54,30
143,V-14-7899-213178,5 Ways Psychics Can Help You Improve Your Life,"# Ways Psychics Can Help You Improve Your Life",VSE,PsychicSource,,carastromness[1]      6      3,SHAREBAIT,500,0,2014-03-09 14:46:34,30
144,V-14-7899-213177,Psychic Animals: What Our Pets Can Tell Us,"Psychic Animals: What Our Pets Can Tell Us",VSE,PsychicSource,,carastromness[1]      6      3,SHAREBAIT,500,0,2014-03-08 10:09:20,30
145,V-14-7899-213176,5 Mistakes to Avoid When Choosing a Psychic,"# Mistakes to Avoid When Choosing a Psychic",VSE,PsychicSource,,carastromness[1]      6      3,SHAREBAIT,500,0,2014-03-14 13:51:22,30
146,V-14-7899-213175,Universal Symbols in Dreams and What They Mean,"Universal Symbols in Dreams and What they Mean",VSE,PsychicSource,,carastromness[1]      6      3,SHAREBAIT,500,0,2014-03-14 13:47:52,30
147,V-14-7899-213174,Having an Angel Card Reading to Put Your Soul at Ease,Having an Angel Card Reading to Put Your Soul at Ease,VSE,PsychicSource,,lyndsierobinson[1]      3      3,SHAREBAIT,500,0,2014-03-11 00:21:54,30
148,V-14-7899-213173,How to Give Back to Nature and Fulfill Yourself,"How to Give Back to Nature and Fulfill Yourself",VSE,PsychicSource,,lyndsierobinson[1]      3      3,SHAREBAIT,500,0,2014-03-11 08:55:34,30
149,V-14-7899-213172,5 Tips for Introducing Your Child to a New Partner,"# Tips for Introducing Your Child to a New Partner",VSE,PsychicSource,,lyndsierobinson[1]      3      3,SHAREBAIT,500,0,2014-03-20 11:35:05,30
150,V-14-7899-213171,6 Inarguable Signs You're Not Ready to Get Married,"# Inarguable Signs You're Not Ready to Get Married",VSE,PsychicSource,,lyndsierobinson[1]      3      3,SHAREBAIT,500,0,2014-03-20 11:28:00,30
151,V-14-7899-213170,Using Astrology to Help You Plan a Trip,"Using Astrology to Help You Plan a Trip",VSE,PsychicSource,,lyndsierobinson[1]      3      3,SHAREBAIT,500,0,2014-03-20 11:19:31,30
152,V-14-7899-213169,Fascinating Things You Can Learn about Your Past Life,"Fascinating Things You Can Learn about Your Past Life",VSE,PsychicSource,,lyndsierobinson[1]      3      3,SHAREBAIT,500,0,2014-03-20 11:15:17,30
153,V-14-7899-213168,5 Signs You're Ready to Have Children,"# Signs You're Ready to Have Children",VSE,PsychicSource,,lyndsierobinson[1]      3      3,SHAREBAIT,500,0,2014-03-20 11:08:47,30
154,V-14-7899-213167,5 Ways You Can Manifest Positive Energy to Get What You Want,"# Ways You Can Manifest Positive Energy to Get What You Want",VSE,PsychicSource,,lyndsierobinson[1]      3      3,SHAREBAIT,500,0,2014-03-20 11:01:00,30
155,V-14-7899-213166,What to Discuss With Your Cat Psychic Before Getting a New Pet,"What to Discuss with Your Cat Psychic before Getting a New Pet",VSE,PsychicSource,,lyndsierobinson[1]      3      3,SHAREBAIT,500,0,2014-03-20 10:53:36,30
156,V-14-7899-213165,Increasing Your Self-Confidence to Find More Inner Peace,"Increasing Your Self-Confidence to Find More Inner Peace",VSE,PsychicSource,,lyndsierobinson[1]      3      3,SHAREBAIT,500,0,2014-03-20 10:41:57,30
157,V-14-7899-213164,4 Eye-Opening Things Your Clairaudient Can Reveal,"# Eye-Opening Things Your Clairaudient Can Reveal",VSE,PsychicSource,,lyndsierobinson[1]      3      3,SHAREBAIT,500,0,2014-03-20 10:21:57,30
158,V-14-7899-213163,5 Sneaky Money-Suckers That Are Draining Your Savings,"# Sneaky Money-Suckers That Are Draining Your Savings",VSE,PsychicSource,,lyndsierobinson[1]      3      3,SHAREBAIT,500,0,2014-03-20 09:57:31,30
159,V-14-7899-213162,5 Things a Tarot Reading Can Tell You about Your Job,"# Things a Tarot Reading Can Tell You about Your Job",VSE,PsychicSource,,lyndsierobinson[1]      3      3,SHAREBAIT,500,0,2014-03-20 09:44:24,30
160,V-14-7899-213161,5 Signs That He's Never Leaving His Wife for You,"# Signs That He's Never Leaving His Wife for You",VSE,PsychicSource,,lyndsierobinson[1]      3      3,SHAREBAIT,500,0,2014-03-20 09:37:14,30
161,V-14-7899-213160,How to Tell When a Deceased Loved One Is Contacting You,"How to Tell When a Deceased Loved One Is Contacting You",VSE,PsychicSource,,lyndsierobinson[1]      3      3,SHAREBAIT,500,0,2014-03-11 12:45:36,30
162,V-14-7700-212954,When and How a Pet Psychic Can Help You and Your Pet,HP Page,VSE,Hollywood Psychics,CarolineCampbell      34,,SHAREBAIT,500,0,2014-02-24 11:12:16,30
163,V-14-7899-212308,What to Do if a Deceased Relative Won't Communicate,What to Do if a Deceased Relative Won't Communicate,VSE,PsychicSource,,mandirogier[1]      17      5,SHAREBAIT,500,0,2014-02-14 18:21:01,30
164,V-14-7899-212307,Burned Out? 8 Things to Rejuvenate Your Body,"Burned Out? # Things to Rejuvenate Your Body",VSE,PsychicSource,,mandirogier[1]      17      5,SHAREBAIT,500,0,2014-02-15 10:36:25,30
165,V-14-7899-212306,Bad Moods and How to Overcome Them,"Bad Moods and How to Overcome Them",VSE,PsychicSource,,mandirogier[1]      17      5,SHAREBAIT,500,0,2014-02-15 11:48:19,30
166,V-14-7899-212305,How to Overcome Anxiety and Shyness in Public,"How to Overcome Anxiety and Shyness in Public",VSE,PsychicSource,,mandirogier[1]      17      5,SHAREBAIT,500,0,2014-02-15 12:52:59,30
167,V-14-7899-212304,6 Myths About Psychics Busted,"# Myths About Psychics Busted",VSE,PsychicSource,,mandirogier[1]      17      5,SHAREBAIT,500,0,2014-02-15 18:35:46,30
168,V-14-7899-212303,How to Pick Between Two Paths,"How to Pick Between Two Paths",VSE,PsychicSource,,mandirogier[1]      17      5,SHAREBAIT,500,0,2014-02-15 20:36:07,30
169,V-14-7899-212302,How to Get Back on Track with Your Goals,"How to Get Back on Track with Your Goals",VSE,PsychicSource,,mandirogier[1]      17      5,SHAREBAIT,500,0,2014-02-15 21:09:18,30
170,V-14-7899-212301,7 Ways Intuition Can Improve Your Life,"# Ways Intuition Can Improve Your Life",VSE,PsychicSource,,mandirogier[1]      17      5,SHAREBAIT,500,0,2014-02-15 21:57:08,30
171,V-14-7899-212300,Why You Should Wait Before Contacting Someone that Has Passed,"Why You Should Wait Before Contacting Someone that Has Passed",VSE,PsychicSource,,mandirogier[1]      17      5,SHAREBAIT,500,0,2014-02-16 15:18:10,30
172,V-14-7899-212299,Can You Improve Your Chances of Having Lucid Dreams?,"Can You Improve Your Chances of Having Lucid Dreams?",VSE,PsychicSource,,mandirogier[1]      17      5,SHAREBAIT,500,0,2014-02-16 15:50:12,30
173,V-14-7899-212298,The Secret of Centering: How to Find Internal Peace in Any Situation,"The Secret of Centering: How to Find Internal Peace in Any Situation",VSE,PsychicSource,CarolineCampbell      34,mandirogier[1]      17      5,SHAREBAIT,500,0,2014-02-16 17:47:04,30
174,V-14-7899-212297,7 Important Mental Health Tasks You're Probably Skipping,"# Important Mental Health Tasks You're Probably Skipping",VSE,PsychicSource,CarolineCampbell      34,mandirogier[1]      17      5,SHAREBAIT,500,0,2014-02-17 07:49:18,30
175,V-14-7899-212296,Finding Quiet in the Chaos: How to Create a Relaxing Retreat in a Busy Home,"Finding Quiet in the Chaos: How to Create a Relaxing Retreat in a Busy Home",VSE,PsychicSource,CarolineCampbell      34,mandirogier[1]      17      5,SHAREBAIT,500,0,2014-02-17 08:17:59,30
176,V-14-7899-212295,Beyond the Savings Account: 5 Essential Things to Consider when Approaching Retirement,"Beyond the Savings Account: # Essential Things to Consider when Approaching Retirement",VSE,PsychicSource,CarolineCampbell      34,mandirogier[1]      17      5,SHAREBAIT,500,0,2014-02-17 08:46:03,30
177,V-14-7899-212294,7 Time Management Secrets that Can Save Busy Moms,"# Time Management Secrets that Can Save Busy Moms",VSE,PsychicSource,CarolineCampbell      34,mandirogier[1]      17      5,SHAREBAIT,500,0,2014-02-13 09:36:45,30
178,V-14-7899-212293,Go Beyond Family Dinner: 5 Routines that Build a Strong Family Bond,"Go Beyond Family Dinner: # Routines that Build a Strong Family Bond",VSE,PsychicSource,CarolineCampbell      34,lyndsierobinson[1]      3      3,SHAREBAIT,500,0,2014-02-17 13:12:53,30
179,V-14-7899-212292,5 Essential Tasks After Any Breakup,"# Essential Tasks After Any Breakup",VSE,PsychicSource,CarolineCampbell      34,lyndsierobinson[1]      3      3,SHAREBAIT,500,0,2014-02-17 13:19:01,30
180,V-14-7899-212291,4 Sneaky Relationship Assassins and How to Keep Your Love Life Safe,"# Sneaky Relationship Assassins and How to Keep Your Love Life Safe",VSE,PsychicSource,CarolineCampbell      34,lyndsierobinson[1]      3      3,SHAREBAIT,500,0,2014-02-16 17:24:19,30
181,V-14-7899-212290,Get to the Bottom of Your Dreams and Seek Release from Negative Emotions,"Get to the Bottom of Your Dreams and Seek Release from Negative Emotions ",VSE,PsychicSource,CarolineCampbell      34,lyndsierobinson[1]      3      3,SHAREBAIT,500,0,2014-02-16 20:42:40,30
182,V-14-7899-212289,How to Restore Your Relationship After an Affair,"How to Restore Your Relationship After an Affair",VSE,PsychicSource,CarolineCampbell      34,lyndsierobinson[1]      3      3,SHAREBAIT,500,0,2014-02-16 21:12:54,30
183,V-14-7899-212288,How to Find a Balance Between Work Life and Home Life,"How to Find a Balance Between Work Life and Home Life",VSE,PsychicSource,,lyndsierobinson[1]      3      3,SHAREBAIT,500,0,2014-02-16 22:04:24,30
184,V-14-7899-212287,5 Things a Psychic Medium Can Help You Say to a Deceased Loved One,"# Things a Psychic Medium Can Help You Say to a Deceased Loved One",VSE,PsychicSource,,lyndsierobinson[1]      3      3,SHAREBAIT,500,0,2014-02-16 23:55:19,30
185,V-14-7899-212286,5 Ways to Help Your Adult Child Without Giving Money,"# Ways to Help Your Adult Child Without Giving Money",VSE,PsychicSource,,lyndsierobinson[1]      3      3,SHAREBAIT,500,0,2014-02-17 01:26:07,30
186,V-14-7899-212285,How to Be Happy No Matter What Life Throws at You,"How to Be Happy No Matter What Life Throws at You",VSE,PsychicSource,,lyndsierobinson[1]      3      3,SHAREBAIT,500,0,2014-02-17 01:54:00,30
187,V-14-7899-212284,5 Changes that Can Upset Your Pet,"# Changes that Can Upset Your Pet",VSE,PsychicSource,,lyndsierobinson[1]      3      3,SHAREBAIT,500,0,2014-02-17 02:37:18,30
188,V-14-7899-212283,5 Reasons you Need to Take a Vacation,"# Reasons you Need to Take a Vacation",VSE,PsychicSource,,lyndsierobinson[1]      3      3,SHAREBAIT,500,0,2014-02-17 10:52:14,30
189,V-14-7899-212282,How to Stop Nightmares,"How to Stop Nightmares",VSE,PsychicSource,,lyndsierobinson[1]      3      3,SHAREBAIT,500,0,2014-02-17 11:28:27,30
190,V-14-7899-212281,Common Recurring Dreams and What They Mean,"Common Recurring Dreams and What They Mean",VSE,PsychicSource,,lyndsierobinson[1]      3      3,SHAREBAIT,500,0,2014-02-17 11:56:50,30
191,V-14-7899-212280,Does Your House Have Negative Energy? 4 Ways to Tell,"Does Your House Have Negative Energy? # Ways to Tell",VSE,PsychicSource,,lyndsierobinson[1]      3      3,SHAREBAIT,500,0,2014-02-17 12:33:23,30
192,V-14-7899-212279,4 Ways to Improve Communication in Your Relationship,"# Ways to Improve Communication in Your Relationship",VSE,PsychicSource,,lyndsierobinson[1]      3      3,SHAREBAIT,500,0,2014-02-17 12:59:07,30
193,V-14-7700-212278,How to Look Ten Pounds Lighter (Without Losing an Ounce),How to Look Ten Pounds Lighter (Without Losing an Ounce),VSE,Hollywood Psychics,,,SHAREBAIT,500,0,2014-02-21 12:01:08,30
194,V-14-7700-212277,What Online Personality Tests Really Tell Us About Ourselves,"What Online Psychology Tests Really Tell Us About Ourselves ",VSE,Hollywood Psychics,,,SHAREBAIT,500,0,2014-02-17 14:37:35,30
195,V-14-7700-212276,Do Celebrities Serve a Real Purpose in Society?,"Do Celebrities Serve a Real Purpose in Society? ",VSE,Hollywood Psychics,,,SHAREBAIT,500,0,2014-02-17 13:51:54,30
196,V-14-7700-212275,Why the Last Thing You Should Be Looking for is a New Relationship,"Why the Last Thing You Should Be Looking for is a New Relationship",VSE,Hollywood Psychics,,,SHAREBAIT,500,0,2014-02-17 13:17:37,30
197,V-14-7700-212274,What's With the War on Women's Bodies?,"What's With the War on Women's Bodies? ",VSE,Hollywood Psychics,,,SHAREBAIT,500,0,2014-02-17 12:53:55,30
198,V-14-7700-212273,How Not to Get Screwed in Your Next Major Purchase,"How Not to Get Screwed in Your Next Major Purchase",VSE,Hollywood Psychics,,,SHAREBAIT,500,0,2014-02-16 12:56:52,30
199,V-14-7700-212272,6 Simple Dietary Substitutions to Drop Pounds Fast,"# Simple Dietary Substitutions to Drop Pounds Fast",VSE,Hollywood Psychics,,,SHAREBAIT,500,0,2014-02-17 12:05:54,30
200,V-14-7700-212271,Why You'll Be Wearing Sneakers Instead of Pumps Very Soon,"Why You'll Be Wearing Sneakers Instead of Pumps Very Soon",VSE,Hollywood Psychics,,,SHAREBAIT,500,0,2014-02-17 11:30:41,30
201,V-14-7700-212270,5 Things You Need to Do Before Spring,"# Things You Need to Do Before Spring",VSE,Hollywood Psychics,,,SHAREBAIT,500,0,2014-02-21 12:00:51,30
202,V-14-7700-212269,Sex: Are You Doing It Right?,"Sex: Are You Doing It Right? ",VSE,Hollywood Psychics,,,SHAREBAIT,500,0,2014-02-17 10:57:14,30
203,V-14-7700-212268,Are You Washing Your Face the Right Way?,"Are You Washing Your Face the Right Way?",VSE,Hollywood Psychics,,,SHAREBAIT,500,0,2014-02-14 13:12:43,30
204,V-14-7700-212267,Is It Really Possible to Make a Long Distance Relationship Work?,"Is It Really Possible to Make a Long Distance Relationship Work? ",VSE,Hollywood Psychics,,,SHAREBAIT,500,0,2014-02-14 12:34:06,30
205,V-14-7700-212266,What's In and Out for 2014,"What's In and Out for 2014 ",VSE,Hollywood Psychics,,,SHAREBAIT,500,0,2014-02-17 10:31:01,30
206,V-14-7700-212265,How to Survive Life With a Sports Fanatic,"How to Survive Life With a Sports Fanatic",VSE,Hollywood Psychics,,,SHAREBAIT,500,0,2014-02-14 11:54:38,30
207,V-14-7700-212264,Stop the Hate: How to Appreciate Others with Different Viewpoints,"Stop the Hate: How to Appreciate Others with Different Viewpoints",VSE,Hollywood Psychics,,,SHAREBAIT,500,0,2014-02-16 12:08:03,30
208,V-14-7899-211583,4 Ways to Prepare for a Psychic Reading on the Phone,4 Ways to Prepare for a Psychic Reading on the Phone,VSE,PsychicSource,CBerghoefer      36,CourtniWriter[1]      0      0,SHAREBAIT,500,0,2014-01-23 16:49:27,30
209,V-14-7899-211582,How a Psychic Can Help You Choose Your First Home,How a Psychic Can Help You Choose Your First Home,VSE,PsychicSource,CBerghoefer      36,CourtniWriter[1]      0      0,SHAREBAIT,500,0,2014-01-23 16:49:44,30
210,V-14-7899-211580,4 Things to Do When You Have a Serious Illness,"# Things to Do When You Have a Serious Illness",VSE,PsychicSource,CBerghoefer      36,CourtniWriter[1]      0      0,SHAREBAIT,500,0,2014-01-23 16:49:56,30
211,V-14-7899-211579,Ways to Connect With a Passed Loved One,"Ways to Connect with a Passed Loved One",VSE,PsychicSource,CBerghoefer      36,CourtniWriter[1]      0      0,SHAREBAIT,500,0,2014-01-23 17:03:27,30
212,V-14-7899-211507,How a Psychic Chat Can Provide Professional Direction,How a Psychic Chat Can Provide Professional Direction,VSE,PsychicSource,CBerghoefer      36,CourtniWriter[1]      0      0,SHAREBAIT,500,0,2014-01-22 17:11:48,30
213,V-14-7899-211506,Coping with a Coworker Who's Trying to Sabotage You,"Coping with a Coworker Who's Trying to Sabotage You",VSE,PsychicSource,CBerghoefer      36,CourtniWriter[1]      0      0,SHAREBAIT,500,0,2014-01-22 17:12:08,30
214,V-14-7899-211505,The 5 Best Ways to Avoid Toxic Friends,"The # Best Ways to Avoid Toxic Friends",VSE,PsychicSource,CBerghoefer      36,CourtniWriter[1]      0      0,SHAREBAIT,500,0,2014-01-22 17:12:32,30
215,V-14-7899-211504,The Secret to Overcoming Confidence-Crippling Anxiety,"The Secret to Overcoming Confidence-Crippling Anxiety",VSE,PsychicSource,CBerghoefer      36,CourtniWriter[1]      0      0,SHAREBAIT,500,0,2014-01-22 17:23:20,30
216,V-14-7899-211503,# Surefire Ways to Stop Being So Shy,"# Surefire Ways to Stop Being So Shy",VSE,PsychicSource,CBerghoefer      36,CourtniWriter[1]      0      0,SHAREBAIT,500,0,2014-01-22 17:23:37,30
217,V-14-7899-211502,5 Tips for Picking the Perfect Online Psychic,"# Tips for Picking the Perfect Online Psychic",VSE,PsychicSource,CBerghoefer      36,CourtniWriter[1]      0      0,SHAREBAIT,500,0,2014-01-22 17:35:38,30
218,V-14-7899-211501,What Your Love Tarot Reading Can Tell You about Your Type,"What Your Love Tarot Reading Can Tell You About Your Type",VSE,PsychicSource,CBerghoefer      36,CourtniWriter[1]      0      0,SHAREBAIT,500,0,2014-01-22 17:35:50,30
219,V-14-7899-211500,Using a Pet Psychic to Find Your Lost Friend,"Using a Pet Psychic to Find Your Lost Friend",VSE,PsychicSource,CBerghoefer      36,CourtniWriter[1]      0      0,SHAREBAIT,500,0,2014-01-22 17:36:02,30
220,V-14-7899-211499,Using Astrology to Determine the Best Time for Surgery,"Using Astrology to Determine the Best Time For Surgery",VSE,PsychicSource,CBerghoefer      36,CourtniWriter[1]      0      0,SHAREBAIT,500,0,2014-01-22 17:36:31,30
221,V-14-7899-211498,4 Reasons You Should Never Use Karma to Do Your Dirty Work,"# Reasons You Should Never Use Karma to Do Your Dirty Work",VSE,PsychicSource,CBerghoefer      36,CourtniWriter[1]      0      0,SHAREBAIT,500,0,2014-01-22 17:50:10,30
222,V-14-7899-211497,Consult with a Psychic Before Making Any of These 4 Decisions,"Consult with a Psychic Before Making Any of These # Decisions",VSE,PsychicSource,CBerghoefer      36,CourtniWriter[1]      0      0,SHAREBAIT,500,0,2014-01-22 17:50:25,30
223,V-14-7899-211496,5 Relationship Decisions a Psychic Can Help You Make,"# Relationship Decisions a Psychic Can Help You Make",VSE,PsychicSource,CBerghoefer      36,CourtniWriter[1]      0      0,SHAREBAIT,500,0,2014-01-22 17:24:18,30
224,V-14-7899-211495,4 Pet Problems and How to Solve Them,"# Pet Problems and How to Solve Them",VSE,PsychicSource,CBerghoefer      36,CourtniWriter[1]      0      0,SHAREBAIT,500,0,2014-01-22 17:50:36,30
225,V-14-7899-211494,Missing a Loved One? 5 Ways a Clairvoyant Can Help,"Missing a Loved One? # Ways a Clairvoyant Can Help",VSE,PsychicSource,CBerghoefer      36,CourtniWriter[1]      0      0,SHAREBAIT,500,0,2014-01-23 17:03:44,30
226,V-14-7899-211493,Getting the Most Out Of Your First Psychic Reading,"Getting the Most Out Of Your First Psychic Reading",VSE,PsychicSource,CBerghoefer      36,CourtniWriter[1]      0      0,SHAREBAIT,500,0,2014-01-22 17:51:05,30
227,V-14-7899-210689,6 Ways to Improve Your Mood After a Bad Day,6 Ways to Improve Your Mood After a Bad Day,VSE,PsychicSource,CBerghoefer      36,CourtniWriter[1]      0      0,SHAREBAIT,500,0,2014-01-10 15:25:52,30
228,V-14-7700-209632,Achoo! How Allergy Sufferers Can Enjoy Romantic Scents and Fragrances,Achoo! How Allergy Sufferers Can Enjoy Romantic Scents and Fragrances,VSE,Hollywood Psychics,CBerghoefer      36,,SHAREBAIT,500,0,2013-12-20 10:49:17,30
229,V-14-7700-209631,"Your Cheap, No Stress Holiday Guide","Your Cheap, No Stress Holiday Guide",VSE,Hollywood Psychics,CBerghoefer      36,,SHAREBAIT,500,0,2013-12-20 10:15:30,30
230,V-14-7700-209630,Get Your New Years Resolutions Together With the Help of Your Psychic,"Get Your New Years Resolutions Together With the Help of Your Psychic",VSE,Hollywood Psychics,CBerghoefer      36,,SHAREBAIT,500,0,2013-12-18 15:58:27,30
231,V-14-7700-209629,"Boss Being Unfair? How to Confront Her Firmly, Yet Respectfully"," Boss Being Unfair? How to Confront Him Firmly, Yet Respectfully",VSE,Hollywood Psychics,CBerghoefer      36,,SHAREBAIT,500,0,2013-12-19 16:18:26,30
232,V-14-7700-209628,4 Terrifying Symptoms You Can Completely Ignore,"# Terrifying Symptoms You Can Completely Ignore",VSE,Hollywood Psychics,CBerghoefer      36,,SHAREBAIT,500,0,2013-12-20 12:56:38,30
233,V-14-7700-209627,5 Powerful Females Who've Stormed the Traditionally Male Business World,"# Powerful Females Who've Stormed the Traditionally Male Business World",VSE,Hollywood Psychics,CBerghoefer      36,,SHAREBAIT,500,0,2014-01-21 15:08:59,30
234,V-14-7700-209626,How to Keep Your Pets Warm and Well During Winter,"How to Keep Your Pets Warm and Well During Winter",VSE,Hollywood Psychics,CBerghoefer      36,,SHAREBAIT,500,0,2013-12-18 14:36:44,30
235,V-14-7700-209625,How to Make a Traditional Holiday Meal the Healthy Way,"How to Make a Traditional Thanksgiving the Healthy Way",VSE,Hollywood Psychics,CBerghoefer      36,,SHAREBAIT,500,0,2013-12-18 13:20:23,30
236,V-14-7700-209624,How to Create Your Career Game Plan With the Help of Your Psychic,"How to Create Your Career Game Plan With the Help of Your Psychic",VSE,Hollywood Psychics,CBerghoefer      36,,SHAREBAIT,500,0,2013-12-18 13:25:44,30
237,V-14-7700-209623,What Do You Need to Know About Obamacare,"What Do You Need to Know About Obamacare",VSE,Hollywood Psychics,CBerghoefer      36,,SHAREBAIT,500,0,2013-12-18 13:23:22,30
238,V-14-7700-209414,5 Factors that Affect Your Happiness,5 Factors that Affect Your Happiness,VSE,Hollywood Psychics,CBerghoefer      36,CourtniWriter[1]      0      0,SHAREBAIT,500,0,2013-12-12 11:32:22,30
